Name8770,43850
Name8771,43855
Name8772,43860
Name8773,43865
Name8774,43870
Name8775,43875
Name8776,43880
Name8777,43885
Name8778,43890
Name8779,43895
Name8780,43900
Name8781,43905
Name8782,43910
Name8783,43915
Name8784,43920
Name8785,43925
Name8786,43930
Name8787,43935
Name8788,43940
Name8789,43945
Name8790,43950
Name8791,43955
Name8792,43960
Name8793,43965
Name8794,43970
Name8795,43975
Name8796,43980
Name8797,43985
Name8798,43990
Name8799,43995
Name8800,44000
Name8801,44005
Name8802,44010
Name8803,44015
Name8804,44020
Name8805,44025
Name8806,44030
Name8807,44035
Name8808,44040
Name8809,44045
Name8810,44050
Name8811,44055
Name8812,44060
Name8813,44065
Name8814,44070
Name8815,44075
Name8816,44080
Name8817,44085
Name8818,44090
Name8819,44095
Name8820,44100
Name8821,44105
Name8822,44110
Name8823,44115
Name8824,44120
Name8825,44125
Name8826,44130
Name8827,44135
Name8828,44140
Name8829,44145
Name8830,44150
Name8831,44155
Name8832,44160
Name8833,44165
Name8834,44170
Name8835,44175
Name8836,44180
Name8837,44185
Name8838,44190
Name8839,44195
Name8840,44200
Name8841,44205
Name8842,44210
